[
    {
        "descripcion": "Un reloj antiguo.",
        "puntaje": 1
    },
    {
        "descripcion": "Una bicicleta oxidada.",
        "puntaje": 1
    },
    {
        "descripcion": "Un libro de cuentos.",
        "puntaje": 3
    },
    {
        "descripcion": "Una guitarra eléctrica.",
        "puntaje": 2
    },
    {
        "descripcion": "Una cámara de fotos.",
        "puntaje": 2
    },
    {
        "descripcion": "Un telescopio.",
        "puntaje": 3
    },
    {
        "descripcion": "Un anillo de compromiso.",
        "puntaje": 2
    },
    {
        "descripcion": "Una espada medieval.",
        "puntaje": 3
    },
    {
        "descripcion": "Un jarrón chino.",
        "puntaje": 2
    },
    {
        "descripcion": "Un coche de juguete.",
        "puntaje": 1
    },
    {
        "descripcion": "Una lámpara de aceite.",
        "puntaje": 1
    },
    {
        "descripcion": "Un microscopio.",
        "puntaje": 3
    },
    {
        "descripcion": "Un paraguas de colores.",
        "puntaje": 1
    },
    {
        "descripcion": "Un sombrero de copa.",
        "puntaje": 1
    },
    {
        "descripcion": "Un ajedrez de cristal.",
        "puntaje": 2
    },
    {
        "descripcion": "Un teléfono móvil.",
        "puntaje": 2
    },
    {
        "descripcion": "Un violín.",
        "puntaje": 3
    },
    {
        "descripcion": "Un mapa del mundo.",
        "puntaje": 3
    },
    {
        "descripcion": "Unos patines.",
        "puntaje": 1
    },
    {
        "descripcion": "Un baúl del tesoro.",
        "puntaje": 2
    },
    {
        "descripcion": "Unos péndulo.",
        "puntaje": 1
    },
    {
        "descripcion": "Una bola de cristal.",
        "puntaje": 3
    },
    {
        "descripcion": "Un cactus en una maceta.",
        "puntaje": 1
    },
    {
        "descripcion": "Una máquina de escribir.",
        "puntaje": 2
    },
    {
        "descripcion": "Unas zapatillas deportivas.",
        "puntaje": 1
    },
    {
        "descripcion": "Una mochila de viaje.",
        "puntaje": 2
    },
    {
        "descripcion": "Unas gafas de sol.",
        "puntaje": 1
    },
    {
        "descripcion": "Un reloj de arena.",
        "puntaje": 1
    },
    {
        "descripcion": "Unos guantes de boxeo.",
        "puntaje": 1
    },
    {
        "descripcion": "Un robot de juguete.",
        "puntaje": 3
    },
    {
        "descripcion": "Un muñeco de nieve.",
        "puntaje": 2
    },
    {
        "descripcion": "Una linterna.",
        "puntaje": 1
    },
    {
        "descripcion": "Unos lápices de colores.",
        "puntaje": 1
    },
    {
        "descripcion": "Unos auriculares.",
        "puntaje": 1
    },
    {
        "descripcion": "Unos zapatos de tacón.",
        "puntaje": 1
    },
    {
        "descripcion": "Un coche deportivo.",
        "puntaje": 2
    },
    {
        "descripcion": "Un globo terráqueo.",
        "puntaje": 1
    },
    {
        "descripcion": "Una flauta.",
        "puntaje": 1
    },
    {
        "descripcion": "Un cañón antiguo.",
        "puntaje": 2
    },
    {
        "descripcion": "Unos esquís.",
        "puntaje": 3
    },
    {
        "descripcion": "Un barco pirata.",
        "puntaje": 1
    },
    {
        "descripcion": "Unas gafas de natación.",
        "puntaje": 1
    },
    {
        "descripcion": "Un casco de astronauta.",
        "puntaje": 2
    },
    {
        "descripcion": "Una tienda de campaña.",
        "puntaje": 1
    },
    {
        "descripcion": "Un coche clásico.",
        "puntaje": 2
    },
    {
        "descripcion": "Unos prismáticos.",
        "puntaje": 3
    },
    {
        "descripcion": "Una bicicleta de montaña.",
        "puntaje": 2
    },
    {
        "descripcion": "Unos guantes de lana.",
        "puntaje": 1
    },
    {
        "descripcion": "Una máquina de coser.",
        "puntaje": 1
    },
    {
        "descripcion": "Unos palos de golf.",
        "puntaje": 1
    }
]