[
    {
        "descripcion": "Una pareja caminando bajo la lluvia.",
        "puntaje": 1
    },
    {
        "descripcion": "Un niño celebrando su cumpleaños.",
        "puntaje": 2
    },
    {
        "descripcion": "Un científico trabajando en un laboratorio.",
        "puntaje": 1
    },
    {
        "descripcion": "Una familia cenando juntos.",
        "puntaje": 2
    },
    {
        "descripcion": "Un músico tocando en la calle.",
        "puntaje": 3
    },
    {
        "descripcion": "Un gato durmiendo en una ventana soleada.",
        "puntaje": 1
    },
    {
        "descripcion": "Una persona corriendo una maratón.",
        "puntaje": 1
    },
    {
        "descripcion": "Un artista pintando un paisaje.",
        "puntaje": 2
    },
    {
        "descripcion": "Una manifestación en la ciudad.",
        "puntaje": 2
    },
    {
        "descripcion": "Un grupo de amigos acampando.",
        "puntaje": 1
    },
    {
        "descripcion": "Un piloto volando un avión.",
        "puntaje": 1
    },
    {
        "descripcion": "Un buceador explorando un arrecife de coral.",
        "puntaje": 3
    },
    {
        "descripcion": "Un mago haciendo trucos de magia.",
        "puntaje": 1
    },
    {
        "descripcion": "Una boda en la playa.",
        "puntaje": 2
    },
    {
        "descripcion": "Un incendio en un bosque.",
        "puntaje": 1
    },
    {
        "descripcion": "Un grupo de personas bailando en una fiesta.",
        "puntaje": 2
    },
    {
        "descripcion": "Un escritor en una cafetería.",
        "puntaje": 1
    },
    {
        "descripcion": "Una madre con su bebé en un parque.",
        "puntaje": 1
    },
    {
        "descripcion": "Un pescador en un lago al amanecer.",
        "puntaje": 3
    },
    {
        "descripcion": "Un desfile de carnaval.",
        "puntaje": 1
    },
    {
        "descripcion": "Un equipo de fútbol celebrando un gol.",
        "puntaje": 2
    },
    {
        "descripcion": "Un científico descubriendo una cura.",
        "puntaje": 3
    },
    {
        "descripcion": "Una persona meditando en una montaña.",
        "puntaje": 1
    },
    {
        "descripcion": "Un chef preparando una cena gourmet.",
        "puntaje": 1
    },
    {
        "descripcion": "Un niño volando una cometa.",
        "puntaje": 2
    },
    {
        "descripcion": "Un avión despegando.",
        "puntaje": 3
    },
    {
        "descripcion": "Una persona leyendo un libro bajo un árbol.",
        "puntaje": 1
    },
    {
        "descripcion": "Un jardinero plantando flores.",
        "puntaje": 3
    },
    {
        "descripcion": "Un grupo de turistas en una visita guiada.",
        "puntaje": 1
    },
    {
        "descripcion": "Una puesta de sol en la playa.",
        "puntaje": 2
    },
    {
        "descripcion": "Un pintor trabajando en un retrato.",
        "puntaje": 1
    },
    {
        "descripcion": "Un astronauta en el espacio.",
        "puntaje": 2
    },
    {
        "descripcion": "Una tormenta en el océano.",
        "puntaje": 3
    },
    {
        "descripcion": "Un perro jugando con una pelota.",
        "puntaje": 1
    },
    {
        "descripcion": "Un fotógrafo capturando un momento.",
        "puntaje": 2
    },
    {
        "descripcion": "Un ciclista en una carretera de montaña.",
        "puntaje": 1
    },
    {
        "descripcion": "Una boda en una iglesia.",
        "puntaje": 2
    },
    {
        "descripcion": "Un atleta levantando pesas.",
        "puntaje": 1
    },
    {
        "descripcion": "Unos niños jugando en el parque.",
        "puntaje": 1
    },
    {
        "descripcion": "Un barco navegando en un río.",
        "puntaje": 3
    },
    {
        "descripcion": "Una biblioteca llena de libros.",
        "puntaje": 1
    },
    {
        "descripcion": "Un hombre pidiendo matrimonio.",
        "puntaje": 2
    },
    {
        "descripcion": "Un alpinista escalando una montaña.",
        "puntaje": 2
    },
    {
        "descripcion": "Un faro en la costa.",
        "puntaje": 1
    },
    {
        "descripcion": "Un desfile de moda.",
        "puntaje": 3
    },
    {
        "descripcion": "Un equilibrista en el circo.",
        "puntaje": 1
    },
    {
        "descripcion": "Un perro persiguiendo su cola.",
        "puntaje": 1
    },
    {
        "descripcion": "Un viaje en globo aerostático.",
        "puntaje": 2
    },
    {
        "descripcion": "Un tren cruzando un puente.",
        "puntaje": 3
    },
    {
        "descripcion": "Una persona tocando el piano.",
        "puntaje": 1
    }
]